,Population
1801-01-01,9000.0
1802-01-01,9389.547376593555
1803-01-01,9788.026456649739
1804-01-01,10195.437240168552
1805-01-01,10612.93266022924
1806-01-01,11038.231321093763
1807-01-01,11472.461685420916
1808-01-01,11915.623753210699
1809-01-01,12368.968406266387
1810-01-01,12830.018351401879
1811-01-01,13300.0
1812-01-01,13778.913352060752
1813-01-01,14268.107238111443
1814-01-01,14764.908467517896
1815-01-01,15270.64140038699
1816-01-01,15785.306036718714
1817-01-01,16321.213275740205
1818-01-01,16886.29872168718
1819-01-01,17481.98470372157
1820-01-01,18108.27122184338
1821-01-01,18767.0
1822-01-01,19454.571427381816
1823-01-01,20172.74339085106
1824-01-01,20921.515890407714
1825-01-01,21703.066228030504
1826-01-01,22513.12363684717
1827-01-01,23364.64570154777
1828-01-01,24268.49654192883
1829-01-01,25227.36770781818
1830-01-01,26236.019466068858
1831-01-01,27297.0
1832-01-01,28410.309309611595
1833-01-01,29579.212803551287
1834-01-01,30797.32303103251
1835-01-01,32067.762034194187
1836-01-01,33390.52981303633
1837-01-01,34751.761216677296
1838-01-01,36126.31350301211
1839-01-01,37517.88253986756
1840-01-01,38926.46832724364
1841-01-01,40356.0
1842-01-01,41798.66590965163
1843-01-01,43258.34856982391
1844-01-01,44735.0479805168
1845-01-01,46232.8798892566
1846-01-01,47743.65942222506
1847-01-01,49357.67303717957
1848-01-01,51161.13806558556
1849-01-01,53159.77478599392
1850-01-01,55342.66168627121
1851-01-01,57715.0
1852-01-01,60276.78972718027
1853-01-01,63035.82874827734
1854-01-01,65977.04034732892
1855-01-01,69107.70335983198
1856-01-01,72427.81778578652
1857-01-01,75884.34764209729
1858-01-01,79395.493674551
1859-01-01,82970.61220282695
1860-01-01,86609.70322692512
1861-01-01,90323.0
1862-01-01,94090.21128285446
1863-01-01,97921.39506153119
1864-01-01,101816.55133603008
1865-01-01,105786.61490813695
1866-01-01,109809.89144139216
1867-01-01,113862.14489510658
1868-01-01,117908.37969391722
1869-01-01,121959.65665582877
1870-01-01,125993.83765536628
1871-01-01,130022.0
1872-01-01,134044.1436897299
1873-01-01,138071.2635395222
1874-01-01,142081.35342997898
1875-01-01,146085.42466553202
1876-01-01,150083.47724618122
1877-01-01,154337.02670918804
1878-01-01,159073.41493592082
1879-01-01,164303.58769671904
1880-01-01,170027.54499158278
1881-01-01,176263.0
1882-01-01,182975.87919733464
1883-01-01,190182.5429287348
1884-01-01,197882.99119420038
1885-01-01,206100.35221697454
1886-01-01,214789.72238491103
1887-01-01,223517.5126463073
1888-01-01,231828.35856055736
1889-01-01,239743.31453378993
1890-01-01,247219.12944046804
1891-01-01,254278.0
1892-01-01,260919.926212386
1893-01-01,267161.39010100946
1894-01-01,272968.2853058234
1895-01-01,278358.23616349127
1896-01-01,283331.24267401296
1897-01-01,288851.5149742331
1898-01-01,295835.99141915806
1899-01-01,304297.7310717608
1900-01-01,314236.73393204156
1901-01-01,325653.0
1902-01-01,338546.5292756365
1903-01-01,352917.3217589507
1904-01-01,368765.37744994287
1905-01-01,386140.19216820394
1906-01-01,404946.8215710111
1907-01-01,424003.7109155282
1908-01-01,442083.85693578667
1909-01-01,459232.77659899043
1910-01-01,475356.75996162446
1911-01-01,490504.0
1912-01-01,504674.4967141171
1913-01-01,517903.0557032175
1914-01-01,530117.3897597101
1915-01-01,541354.9804919444
1916-01-01,551615.8278999202
1917-01-01,562133.762251858
1918-01-01,574061.0377542881
1919-01-01,587424.4269114902
1920-01-01,602223.9297234644
1921-01-01,618506.0
1922-01-01,636181.6646794768
1923-01-01,655293.4430137258
1924-01-01,675841.3350027467
1925-01-01,697887.5434677729
1926-01-01,721311.5973242963
1927-01-01,744514.2860532601
1928-01-01,765838.1308723327
1929-01-01,785333.8249464333
1930-01-01,802894.8344281622
1931-01-01,818577.0
1932-01-01,832380.3216619465
1933-01-01,844334.8884058878
1934-01-01,854375.3747304906
1935-01-01,862537.0171452021
1936-01-01,868819.8156500227
1937-01-01,874473.7352662417
1938-01-01,880708.3535090927
1939-01-01,887538.3050364166
1940-01-01,894963.5898482134
1941-01-01,903007.0
1942-01-01,911624.5824308372
1943-01-01,920837.4981461478
1944-01-01,930645.747145931
1945-01-01,941078.6501547121
1946-01-01,952079.1967735358
1947-01-01,963895.1538052023
1948-01-01,976746.598378081
1949-01-01,990672.9992438458
1950-01-01,1005598.2558513165
1951-01-01,1021559.0
1952-01-01,1038555.2316898957
1953-01-01,1056637.7752538198
1954-01-01,1075707.8189783078
1955-01-01,1095813.350244008
1956-01-01,1116954.3690509207
1957-01-01,1137720.2503522856
1958-01-01,1156524.7226797084
1959-01-01,1173427.1262387813
1960-01-01,1188427.4610295047
1961-01-01,1201559.0
1962-01-01,1212749.986106713
1963-01-01,1222038.903445077
1964-01-01,1229425.7520150905
1965-01-01,1234922.9458985184
1966-01-01,1238500.445784522
1967-01-01,1239637.0257214014
1968-01-01,1237793.8345283826
1969-01-01,1232953.5655485715
1970-01-01,1225142.668339235
1971-01-01,1214352.0
1972-01-01,1200581.5605308667
1973-01-01,1183781.3658824037
1974-01-01,1164043.220396953
1975-01-01,1141325.3037816035
1976-01-01,1115627.6160363555
1977-01-01,1089926.7245941707
1978-01-01,1067422.283215934
1979-01-01,1048039.7999412193
1980-01-01,1031779.2747700277
1981-01-01,1018609.0
1982-01-01,1008600.9443457264
1983-01-01,1001714.8467949757
1984-01-01,997950.7073477474
1985-01-01,997311.0549748993
1986-01-01,999799.3850445893
1987-01-01,1003753.1579060183
1988-01-01,1007515.8582474033
1989-01-01,1011097.0088901639
1990-01-01,1014477.040705104
1991-01-01,1017666.0
1992-01-01,1020663.8867748517
1993-01-01,1023478.1284714448
1994-01-01,1025515.842242992
1995-01-01,1023338.8694848854
1996-01-01,1016376.0
1997-01-01,1004588.4714031359
1998-01-01,988040.6964188665
1999-01-01,971893.3813375939
2000-01-01,987264.6659379739
2001-01-01,1039534.0
2002-01-01,1128415.758747377
2003-01-01,1254002.4738061826
2004-01-01,1407114.9458065967
2005-01-01,1532667.2628859496
2006-01-01,1620693.0
2007-01-01,1671586.0629433966
2008-01-01,1685346.451716139
2009-01-01,1667724.97900295
2010-01-01,1653852.9572576024
2011-01-01,1649519.0
2012-01-01,1654723.1072301439
2013-01-01,1669518.7700981796
2014-01-01,1691159.173545972
2015-01-01,1703763.2194549572
2016-01-01,1704694.0
2017-01-01,1693906.0491310316
2018-01-01,1671458.317399248
2019-01-01,1646479.150430307
2020-01-01,1673819.5289849213
2021-01-01,1762949.0
2022-01-01,1913380.517185844
2023-01-01,2103293.334632189
2024-01-01,2200807.0
2025-01-01,2183738.2467124057
2026-01-01,2121100.0
2027-01-01,2081545.7354919084
2028-01-01,2065075.453188131
2029-01-01,2068631.6194803724
2030-01-01,2073635.4383989144
2031-01-01,2077000.0
2032-01-01,2078725.304283629
2033-01-01,2078809.3352847318
2034-01-01,2077508.0150275473
2035-01-01,2076353.7076375417
2036-01-01,2075600.0
2037-01-01,2075246.4749663132
2038-01-01,2075295.0643672673
2039-01-01,2075698.417754585
2040-01-01,2076181.5205316665
2041-01-01,2076700.0
2042-01-01,2077251.0229384475
2043-01-01,2077835.9595005596
2044-01-01,2078450.9877744436
2045-01-01,2079074.7588113262
2046-01-01,2079700.0
2047-01-01,2080328.4112903103
2048-01-01,2080959.9926822581
2049-01-01,2081657.7342986318
2050-01-01,2082783.63210343
2051-01-01,2084400.0
2052-01-01,2086506.83798834
2053-01-01,2089111.9356985958
2054-01-01,2092201.0576241538
2055-01-01,2095780.6496414826
2056-01-01,2099850.7117505823
2057-01-01,2104424.4122778187
2058-01-01,2109476.7583241356
2059-01-01,2115019.574462224
2060-01-01,2121052.860692083
2061-01-01,2127595.1640362996
2062-01-01,2134610.7342033763
2063-01-01,2142116.774462224
2064-01-01,2150113.284812842
2065-01-01,2158624.19097404
2066-01-01,2167602.985261876
2067-01-01,2177072.2496414827
2068-01-01,2187031.98411286
2069-01-01,2197511.4930910384
2070-01-01,2208453.5114996335
2071-01-01,2219886.0
2072-01-01,2230706.6522609745
2073-01-01,2240752.694643373
2074-01-01,2249969.2307407353
2075-01-01,2258384.8059629695
2076-01-01,2265999.420310076
2077-01-01,2272830.6411130894
2078-01-01,2278841.139296584
2079-01-01,2284050.6766049494
2080-01-01,2288459.2530381875
2081-01-01,2292075.6522618155
2082-01-01,2294880.1125314413
2083-01-01,2296883.611925939
2084-01-01,2298086.1504453095
2085-01-01,2298487.728089552
2086-01-01,2298086.1504453095
2087-01-01,2296883.611925939
2088-01-01,2294880.1125314413
2089-01-01,2292066.8685962977
2090-01-01,2288459.2530381875
2091-01-01,2284050.67660495
2092-01-01,2278841.1392965834
2093-01-01,2272813.0737820547
2094-01-01,2265999.4203100763
2095-01-01,2258384.8059629695
2096-01-01,2249969.2307407353
2097-01-01,2240726.343646821
2098-01-01,2230706.6522609745
2099-01-01,2219886.0
